q,jpeg_diff,jpeg_size,webp_diff,webp_size,avif_diff,avif_size
99,0.848,0.5002183323499003,1.25981,0.2715624926498184,1.03981,0.343031312029141
100,0.72052,0.6148013993723073,0,0.6321964029873183,0.838577,0.43088068213775493
