q,jpeg_diff,jpeg_size,webp_diff,webp_size,avif_diff,avif_size
99,0.891336,0.5506035919152271,1.93367,0.14301539109990055,2.00048,0.22834939179799923
100,0.705427,0.7384382347323846,0,0.5793665742454278,1.92921,0.30373614504646307
