q,jpeg_diff,jpeg_size,webp_diff,webp_size,avif_diff,avif_size
99,1.06067,0.6295561610305077,2.37976,0.2625753804920073,2.53187,0.3306990044988992
100,0.766903,0.7609788866250051,0,0.7200272805590121,2.412,0.4054752560543697
