q,jpeg_diff,jpeg_size,webp_diff,webp_size,avif_diff,avif_size
99,0.876029,1.4497786864937379,9.6647,0.3964670194885348,10.8007,0.44082123716816923
100,0.682088,1.6645476521572207,0,0.7562694332901049,10.7894,0.5651831332992565
