q,jpeg_diff,jpeg_size,webp_diff,webp_size,jp2_diff,jp2_size,avif_diff,avif_size
99,1.06067,0.6295561610305077,2.37976,0.2625753804920073,0.00563786,0.75063842661598,2.53187,0.3306990044988992
100,0.766903,0.7609788866250051,0,0.7200272805590121,0,0.7506597929685898,2.412,0.4054752560543697
